employeeID,lastName,firstName,title,titleOfCourtesy,birthDate,hireDate,city,region,postalCode,country,extension,reportsTo
1,Davolio,Nancy,Sales Representative,Ms.,1948-12-08 00:00:00.000,1992-05-01 00:00:00.000,Seattle,WA,98122,USA,5467,2
2,Fuller,Andrew,Vice President Sales,Dr.,1952-02-19 00:00:00.000,1992-08-14 00:00:00.000,Tacoma,WA,98401,USA,3457,
3,Leverling,Janet,Sales Representative,Ms.,1963-08-30 00:00:00.000,1992-04-01 00:00:00.000,Kirkland,WA,98033,USA,3355,2
4,Peacock,Margaret,Sales Representative,Mrs.,1937-09-19 00:00:00.000,1993-05-03 00:00:00.000,Redmond,WA,98052,USA,5176,2
5,Buchanan,Steven,Sales Manager,Mr.,1955-03-04 00:00:00.000,1993-10-17 00:00:00.000,London,,SW1 8JR,UK,3453,2
6,Suyama,Michael,Sales Representative,Mr.,1963-07-02 00:00:00.000,1993-10-17 00:00:00.000,London,,EC2 7JR,UK,428,5
7,King,Robert,Sales Representative,Mr.,1960-05-29 00:00:00.000,1994-01-02 00:00:00.000,London,,RG1 9SP,UK,465,5
8,Callahan,Laura,Inside Sales Coordinator,Ms.,1958-01-09 00:00:00.000,1994-03-05 00:00:00.000,Seattle,WA,98105,USA,2344,2
9,Dodsworth,Anne,Sales Representative,Ms.,1966-01-27 00:00:00.000,1994-11-15 00:00:00.000,London,,WG2 7LT,UK,452,5
